Feature,Coefficient,Absolute
numeric__V127,-1830.0822225433028,1830.0822225433028
numeric__V128,1776.901507365547,1776.901507365547
numeric__V133,1276.7861066547762,1276.7861066547762
numeric__V134,-1185.1289271870005,1185.1289271870005
numeric__V264,1147.53004715146,1147.53004715146
numeric__V137,-1090.002033510052,1090.002033510052
numeric__V136,866.9505128831943,866.9505128831943
categorical__R_emaildomain_netzero.com,596.7402041779787,596.7402041779787
numeric__V130,545.0455966716058,545.0455966716058
numeric__V267,-517.2457721485384,517.2457721485384
numeric__V265,-513.9764524213953,513.9764524213953
numeric__V214,-510.1458026717378,510.1458026717378
numeric__V218,-482.16800139229196,482.16800139229196
numeric__V274,-448.27838070255495,448.27838070255495
numeric__V131,-391.86595772076754,391.86595772076754
categorical__DeviceInfo_LGMS330 Build/LMY47V,377.9177018263635,377.9177018263635
numeric__V96,336.5895857623303,336.5895857623303
numeric__V278,320.1534061453824,320.1534061453824
numeric__V224,279.1936961675634,279.1936961675634
numeric__V202,274.34283579795436,274.34283579795436
categorical__id_33_2304x1440,-248.25264367046722,248.25264367046722
numeric__V102,-246.5661749950376,246.5661749950376
numeric__V277,-241.19611476032264,241.19611476032264
numeric__V126,-236.65061781717432,236.65061781717432
categorical__DeviceInfo_SM-G530T,236.56529058362375,236.56529058362375
categorical__DeviceInfo_XT1710-02 Build/NDSS26.118-23-15,216.4901900676738,216.4901900676738
numeric__V280,213.34259903620932,213.34259903620932
categorical__DeviceInfo_SAMSUNG-SM-G935A Build/NRD90M,206.25754639159464,206.25754639159464
numeric__V295,-199.4069817256589,199.4069817256589
categorical__DeviceInfo_SM-T377P Build/NMF26X,191.98324459841842,191.98324459841842
numeric__V275,190.61917272275863,190.61917272275863
categorical__DeviceInfo_MDDRJS,176.90727787615074,176.90727787615074
categorical__id_33_960x640,-175.56092462184367,175.56092462184367
numeric__V268,171.4752858198333,171.4752858198333
numeric__V135,169.88441772825863,169.88441772825863
categorical__DeviceInfo_Z970,168.807575249357,168.807575249357
categorical__id_33_3840x2400,-164.7032444413089,164.7032444413089
categorical__DeviceInfo_Lenovo-A6020l36 Build/LMY47V,163.21475796505035,163.21475796505035
categorical__DeviceInfo_SAMSUNG SM-G935F Build/MMB29K,162.06865931953166,162.06865931953166
categorical__DeviceInfo_KFJWI,156.27564113113132,156.27564113113132
numeric__V219,154.30328150732217,154.30328150732217
categorical__id_33_3440x1440,-148.76944512522059,148.76944512522059
categorical__id_30_Mac OS X 10_6_8,148.36050517248904,148.36050517248904
categorical__DeviceInfo_SM-T827V Build/NRD90M,144.71687588738658,144.71687588738658
numeric__V319,144.0343163459918,144.0343163459918
numeric__V99,-143.39193549353058,143.39193549353058
categorical__id_33_2048x1152,-142.74588102116343,142.74588102116343
categorical__DeviceInfo_SAMSUNG SM-G920P Build/NRD90M,142.39296788985658,142.39296788985658
categorical__DeviceInfo_SAMSUNG SM-G891A Build/NRD90M,140.6671259669208,140.6671259669208
categorical__id_30_Mac OS X 10_12,137.47447635396935,137.47447635396935
numeric__V254,135.21521210515797,135.21521210515797
categorical__id_31_silk,134.9482734356702,134.9482734356702
categorical__id_33_1536x1152,-134.84645165002178,134.84645165002178
categorical__id_33_1366x1024,-134.74856545941458,134.74856545941458
categorical__DeviceInfo_rv:49.0,-131.0381670323758,131.0381670323758
numeric__V258,-130.15807988814132,130.15807988814132
categorical__id_31_firefox 56.0,128.0701424686287,128.0701424686287
categorical__ProductCD_W,127.19716659047626,127.19716659047626
numeric__V321,126.9972874692474,126.9972874692474
numeric__V156,125.6431405513114,125.6431405513114
categorical__id_33_1600x1200,-124.95804366240914,124.95804366240914
categorical__id_33_2112x1188,-124.19742703629181,124.19742703629181
numeric__V149,-123.92061772250638,123.92061772250638
categorical__DeviceInfo_XT1580,123.81448488387143,123.81448488387143
numeric__V148,123.7653989227994,123.7653989227994
categorical__id_33_1624x1080,-121.33073825537396,121.33073825537396
categorical__id_33_855x480,-118.60662913287939,118.60662913287939
categorical__id_33_2736x1824,-118.4025648288861,118.4025648288861
categorical__id_30_Mac OS X 10_11_3,117.74226664059078,117.74226664059078
categorical__id_33_1024x640,-115.99468896375524,115.99468896375524
categorical__id_33_2400x1600,-115.29420926253488,115.29420926253488
categorical__DeviceInfo_SM-G360T1 Build/LMY47X,114.77207877535105,114.77207877535105
categorical__DeviceInfo_SAMSUNG SM-G550T1 Build/MMB29K,114.64873316045023,114.64873316045023
categorical__DeviceInfo_LG-M153 Build/MXB48T,114.41488056068397,114.41488056068397
categorical__DeviceInfo_SAMSUNG SM-J701M Build/NRD90M,114.0367173703942,114.0367173703942
categorical__id_31_mobile,-113.01922885093066,113.01922885093066
categorical__id_30_Mac OS X 10_12_2,111.72692552841681,111.72692552841681
categorical__id_33_2304x1296,-110.74738636067363,110.74738636067363
categorical__id_30_Mac OS X 10_11_6,110.239751173098,110.239751173098
categorical__id_30_Mac OS X 10_11_4,110.12967959187299,110.12967959187299
categorical__id_33_2160x1440,-109.80007426905532,109.80007426905532
categorical__id_33_2961x1442,-109.06666012137602,109.06666012137602
categorical__id_33_2960x1440,-108.36462877794418,108.36462877794418
categorical__id_33_1152x864,-107.5569754577305,107.5569754577305
categorical__id_30_Mac OS X 10_12_5,107.32500278716928,107.32500278716928
categorical__DeviceInfo_SM-G386T,107.07653004319036,107.07653004319036
numeric__V132,107.0388643603859,107.0388643603859
categorical__id_33_1800x1125,-106.59781750988618,106.59781750988618
categorical__DeviceInfo_Ilium L1120 Build/NRD90M,106.48473701087426,106.48473701087426
categorical__DeviceInfo_SM-S920L,106.19968144834161,106.19968144834161
categorical__P_emaildomain_me.com,106.06020453376188,106.06020453376188
categorical__id_33_5120x2880,-106.0028779566306,106.0028779566306
categorical__card6_credit,105.85497335699903,105.85497335699903
categorical__DeviceInfo_HUAWEI VNS-L53 Build/HUAWEIVNS-L53,105.08104795503368,105.08104795503368
categorical__id_33_2560x1080,-103.8386493655151,103.8386493655151
categorical__DeviceInfo_SM-T377V Build/NMF26X,-103.03703824861391,103.03703824861391
categorical__id_31_chrome 51.0 for android,102.75110699073349,102.75110699073349
categorical__id_30_Mac OS X 10_8_5,102.74499475224978,102.74499475224978
categorical__id_31_aol,101.8707782386608,101.8707782386608
categorical__id_33_1280x1025,-101.63573332527793,101.63573332527793
categorical__DeviceInfo_Touch,100.71358894182028,100.71358894182028
categorical__id_33_2732x2048,-100.6143967792262,100.6143967792262
categorical__DeviceInfo_Alcatel_4060A,100.5549648428835,100.5549648428835
categorical__id_33_3840x2160,-100.27784951392492,100.27784951392492
categorical__DeviceInfo_SM-G930U Build/NRD90M,99.9056467890202,99.9056467890202
categorical__DeviceInfo_M4 SS4456 Build/LMY47V,98.91707200329631,98.91707200329631
numeric__V225,-98.8522814507206,98.8522814507206
categorical__id_33_960x540,-98.79389383756188,98.79389383756188
categorical__id_33_1280x800,-98.456880954199,98.456880954199
categorical__id_33_1776x1000,-98.2625381970906,98.2625381970906
categorical__DeviceInfo_D5803 Build/23.5.A.1.291,97.12035552844613,97.12035552844613
categorical__id_30_Mac OS X 10_13_1,97.1080155029128,97.1080155029128
categorical__id_33_2048x1536,-96.55016043756967,96.55016043756967
categorical__id_33_3200x1800,-96.34103615370779,96.34103615370779
categorical__id_33_1280x960,-95.64781964761738,95.64781964761738
categorical__id_33_1366x768,-95.17824212568458,95.17824212568458
categorical__id_33_1440x900,-95.17450944860789,95.17450944860789
categorical__DeviceInfo_rv:42.0,-95.12360991932802,95.12360991932802
categorical__DeviceInfo_SAMSUNG SM-G935F Build/NRD90M,95.05055733541832,95.05055733541832
categorical__DeviceInfo_rv:56.0,-94.62976186463851,94.62976186463851
categorical__id_33_1920x1200,-94.3282276298339,94.3282276298339
categorical__id_33_1334x750,-94.29154897447806,94.29154897447806
categorical__id_33_1024x768,-93.7276032355322,93.7276032355322
categorical__id_33_1136x640,-93.7051836010973,93.7051836010973
categorical__id_33_1280x1024,-93.55575312443109,93.55575312443109
categorical__DeviceInfo_Linux x86_64,-93.49578645288986,93.49578645288986
categorical__id_30_Mac OS X 10_7_5,93.12033615307098,93.12033615307098
categorical__DeviceInfo_HTC U11 Build/NMF26X,93.03130319463015,93.03130319463015
categorical__DeviceInfo_XT1650,-92.4974170395492,92.4974170395492
categorical__DeviceInfo_SAMSUNG-SM-G930A,-92.37907930057406,92.37907930057406
categorical__DeviceInfo_SM-T350 Build/MMB29M,92.37895349640839,92.37895349640839
categorical__id_30_Mac OS X 10_10_5,92.01132679114649,92.01132679114649
categorical__id_33_1360x768,-91.67633094491354,91.67633094491354
categorical__id_30_Mac OS X 10_12_6,91.4783865727848,91.4783865727848
categorical__R_emaildomain_outlook.es,91.4063714710608,91.4063714710608
categorical__id_33_1600x900,-91.26095078135592,91.26095078135592
categorical__DeviceInfo_HTC Desire 510 Build/KOT49H,90.98155218489515,90.98155218489515
categorical__DeviceInfo_SAMSUNG SM-G610M Build/MMB29K,90.42887994145433,90.42887994145433
categorical__DeviceInfo_SAMSUNG SM-G532M Build/MMB29T,90.2072941877675,90.2072941877675
categorical__id_33_1680x1050,-90.03489199576141,90.03489199576141
categorical__id_33_1920x1080,-89.89948157268726,89.89948157268726
categorical__DeviceInfo_SM-J105B Build/LMY47V,89.72805150948928,89.72805150948928
numeric__V229,88.4667603816916,88.4667603816916
numeric__V155,-87.54499655439402,87.54499655439402
categorical__ProductCD_R,87.04587313645523,87.04587313645523
categorical__DeviceInfo_SM-A520F Build/MMB29K,-86.69403176290571,86.69403176290571
categorical__R_emaildomain_yahoo.co.uk,85.96028522985766,85.96028522985766
categorical__DeviceInfo_SM-P600 Build/LMY47X,85.63098391223247,85.63098391223247
categorical__DeviceInfo_SM-J500FN,-85.13570630404254,85.13570630404254
categorical__DeviceInfo_SAMSUNG SM-G930A Build/NRD90M,85.00776785987341,85.00776785987341
categorical__DeviceInfo_SM-A520F Build/NRD90M,84.87997717421658,84.87997717421658
categorical__DeviceInfo_SM-G532M Build/MMB29T,84.69512461982185,84.69512461982185
categorical__id_33_1152x720,-84.52604631100125,84.52604631100125
categorical__DeviceInfo_SM-G920F Build/NRD90M,-84.4238245713543,84.4238245713543
categorical__DeviceInfo_SAMSUNG SM-S727VL Build/MMB29M,84.39231503897167,84.39231503897167
categorical__id_33_3360x1890,-84.08049945378345,84.08049945378345
categorical__id_33_3201x1800,-83.91137799856772,83.91137799856772
categorical__DeviceInfo_SAMSUNG SM-N950U Build/NMF26X,83.79781915359528,83.79781915359528
categorical__id_33_1536x864,-83.46789106761516,83.46789106761516
categorical__id_30_Mac,83.29402179933548,83.29402179933548
categorical__DeviceInfo_XT1565,-83.21497799415599,83.21497799415599
categorical__DeviceInfo_Lenovo K33b36 Build/MMB29M,83.07061462909121,83.07061462909121
categorical__DeviceInfo_LGLS751,83.0357265203797,83.0357265203797
categorical__DeviceInfo_5054N,82.78391806372711,82.78391806372711
categorical__DeviceInfo_Z983 Build/NMF26F,82.4790018426208,82.4790018426208
categorical__DeviceInfo_Android 6.0.1,-82.00313650503678,82.00313650503678
categorical__id_33_2436x1125,-81.99189688907488,81.99189688907488
categorical__DeviceInfo_SM-G900F Build/MMB29M,-81.79307463348044,81.79307463348044
categorical__id_30_Mac OS X 10_12_3,81.70205682309769,81.70205682309769
categorical__id_33_2562x1442,-81.60868799837924,81.60868799837924
categorical__id_33_4096x2304,-81.3928096352907,81.3928096352907
categorical__DeviceInfo_SM-A300H Build/LRX22G,-80.96621572171739,80.96621572171739
categorical__id_30_Mac OS X 10_13_2,80.74151311784296,80.74151311784296
categorical__id_33_2400x1350,-80.6871739914804,80.6871739914804
categorical__DeviceInfo_LGMS210 Build/NRD90U,80.26559257564489,80.26559257564489
categorical__DeviceInfo_KFTBWI Build/LVY48F,80.02368718290536,80.02368718290536
categorical__DeviceInfo_SAMSUNG-SM-T677A,79.90405118955807,79.90405118955807
categorical__DeviceInfo_KFTHWI Build/KTU84M,79.89031540644893,79.89031540644893
categorical__id_33_2880x1800,-79.78635980281774,79.78635980281774
categorical__DeviceInfo_ONE TOUCH 4033A Build/JDQ39,79.73974472125265,79.73974472125265
categorical__id_30_Mac OS X 10_9_5,79.70391519204819,79.70391519204819
categorical__id_33_1280x768,-79.26443804244032,79.26443804244032
categorical__id_30_Mac OS X 10_11_5,79.10416494154555,79.10416494154555
categorical__id_31_chrome 57.0 for android,-79.10280070423076,79.10280070423076
numeric__V294,79.08746604253345,79.08746604253345
categorical__id_33_2220x1080,-78.94148755824821,78.94148755824821
categorical__R_emaildomain_twc.com,78.87377681717327,78.87377681717327
categorical__id_33_2560x1600,-78.7702245729307,78.7702245729307
categorical__DeviceInfo_LG-H810,-78.57883023826807,78.57883023826807
categorical__DeviceInfo_F3113 Build/33.2.A.4.70,-78.51656403953089,78.51656403953089
numeric__C14,-78.37160671860832,78.37160671860832
categorical__id_33_1280x720,-78.04050031176695,78.04050031176695
categorical__DeviceInfo_SM-G800F Build/KOT49H,-78.03086415517619,78.03086415517619
categorical__P_emaildomain_outlook.es,-77.91950462981742,77.91950462981742
categorical__id_33_2208x1242,-77.3928661838737,77.3928661838737
categorical__DeviceInfo_SAMSUNG SM-J500M Build/LMY48B,77.21008244853776,77.21008244853776
numeric__V232,77.11899044211977,77.11899044211977
categorical__id_30_Mac OS X 10_12_4,76.58773469732081,76.58773469732081
categorical__DeviceInfo_Edison,75.56405858240468,75.56405858240468
categorical__DeviceInfo_SM-T280 Build/LMY47V,75.53443202154484,75.53443202154484
categorical__id_33_801x480,-75.39846280104126,75.39846280104126
categorical__DeviceInfo_SM-T230NU Build/KOT49H,75.07110405373191,75.07110405373191
numeric__V203,-74.83084736518725,74.83084736518725
categorical__id_33_2001x1125,-74.64622320370209,74.64622320370209
categorical__P_emaildomain_protonmail.com,-73.89171733844913,73.89171733844913
categorical__DeviceInfo_LG-H420 Build/LRX21Y,73.80154779311101,73.80154779311101
categorical__P_emaildomain_yahoo.es,72.85577685255308,72.85577685255308
categorical__DeviceInfo_SM-T818V,72.60298579150778,72.60298579150778
numeric__V187,72.53955091842933,72.53955091842933
categorical__DeviceInfo_KFASWI Build/LVY48F,72.10475649700182,72.10475649700182
categorical__id_30_Mac OS X 10.9,72.05316449882915,72.05316449882915
categorical__DeviceInfo_SAMSUNG-SGH-I337 Build/KOT49H,71.57391815277964,71.57391815277964
categorical__DeviceInfo_Z836BL,71.49305198629769,71.49305198629769
categorical__DeviceInfo_TA-1039 Build/N2G47H,-71.37837882244477,71.37837882244477
categorical__DeviceInfo_SAMSUNG SM-J700M Build/MMB29K,71.19045571308912,71.19045571308912
categorical__DeviceInfo_SAMSUNG,70.81414575725215,70.81414575725215
categorical__DeviceInfo_QTAIR7 Build/LMY47D,-70.69923798427835,70.69923798427835
numeric__V253,-70.69466567816318,70.69466567816318
categorical__P_emaildomain_sc.rr.com,-70.46582646489014,70.46582646489014
numeric__V212,69.93388221232094,69.93388221232094
categorical__id_33_2880x1620,-69.8584179951318,69.8584179951318
numeric__V317,-69.74643868766883,69.74643868766883
categorical__DeviceInfo_SAMSUNG SM-N920V Build/NRD90M,69.58645451329973,69.58645451329973
categorical__DeviceInfo_Pixel,-69.54534664165932,69.54534664165932
categorical__id_33_1400x1050,-69.4471561872684,69.4471561872684
categorical__DeviceInfo_SAMSUNG SM-G920A Build/NRD90M,-69.27298935541532,69.27298935541532
numeric__V320,69.17329680561053,69.17329680561053
categorical__DeviceInfo_SM-G925T Build/NRD90M,69.16758686214652,69.16758686214652
categorical__P_emaildomain_yahoo.co.uk,-68.65358267679676,68.65358267679676
categorical__id_33_2672x1440,-68.62171317362615,68.62171317362615
numeric__V129,68.60039036221453,68.60039036221453
categorical__id_33_1728x972,-68.54536993530883,68.54536993530883
categorical__id_33_2224x1668,-68.52049628159347,68.52049628159347
categorical__DeviceInfo_SM-J727V Build/NRD90M,68.51993564685294,68.51993564685294
categorical__DeviceInfo_E5606 Build/30.2.A.1.21,68.50007205734647,68.50007205734647
categorical__DeviceInfo_LG-H320 Build/LRX21Y,-68.05897697544737,68.05897697544737
categorical__DeviceInfo_LG-D331 Build/LRX22G,67.58299406435903,67.58299406435903
categorical__DeviceInfo_TA-1003,-67.54332365394468,67.54332365394468
categorical__DeviceInfo_MYA-L23,-67.4877288492101,67.4877288492101
categorical__R_emaildomain_yahoo.es,-67.31241217716888,67.31241217716888
categorical__id_31_Samsung/SM-G532M,-67.30741237436793,67.30741237436793
categorical__DeviceInfo_SM-S320VL,67.28365662801924,67.28365662801924
numeric__V105,-67.05040539068074,67.05040539068074
categorical__id_33_3200x2000,-66.96741153605937,66.96741153605937
categorical__DeviceInfo_HTC 10 Build/NRD90M,-66.85641305382319,66.85641305382319
categorical__DeviceInfo_MacOS,-66.62770253174267,66.62770253174267
categorical__id_33_1480x720,-66.60693202061137,66.60693202061137
categorical__P_emaildomain_roadrunner.com,-66.56878034530278,66.56878034530278
categorical__DeviceInfo_SAMSUNG-SM-G891A Build/NRD90M,65.96272732647907,65.96272732647907
numeric__V204,-65.81117454489215,65.81117454489215
categorical__DeviceInfo_HUAWEI,-65.49062171227479,65.49062171227479
categorical__DeviceInfo_SM-G900H Build/MMB29K,-64.62073129485354,64.62073129485354
categorical__DeviceInfo_BAC-L03 Build/HUAWEIBAC-L03,-64.28141064357523,64.28141064357523
categorical__R_emaildomain_ptd.net,-63.79049387909668,63.79049387909668
categorical__DeviceInfo_LGL33L/V100,63.695598988405116,63.695598988405116
categorical__R_emaildomain_netzero.net,-63.59085160569431,63.59085160569431
categorical__DeviceInfo_VK810,-63.55766764970712,63.55766764970712
categorical__DeviceInfo_GT-P5210 Build/KOT49H,63.030886773097386,63.030886773097386
categorical__DeviceInfo_SAMSUNG SM-G935T Build/NRD90M,62.897868852557664,62.897868852557664
categorical__DeviceInfo_5011A Build/NRD90M,62.847834521264396,62.847834521264396
categorical__id_33_2560x1440,-62.72971966581707,62.72971966581707
numeric__V236,62.578648718203134,62.578648718203134
categorical__DeviceInfo_E5506 Build/29.1.A.0.101,62.38217837597718,62.38217837597718
categorical__card4_discover,62.18689547019287,62.18689547019287
categorical__DeviceInfo_SM-T520,62.1056711522637,62.1056711522637
categorical__P_emaildomain_cableone.net,61.98695692393842,61.98695692393842
categorical__DeviceInfo_SM-J200M Build/LMY47X,61.574891864219424,61.574891864219424
categorical__DeviceInfo_CHC-U03 Build/HuaweiCHC-U03,61.249184452137534,61.249184452137534
numeric__V72,-61.09426292094589,61.09426292094589
categorical__DeviceInfo_QMV7A,60.9256965823465,60.9256965823465
categorical__DeviceInfo_LT22i Build/6.2.A.1.100,-60.75147739450251,60.75147739450251
categorical__DeviceInfo_SM-G935F Build/MMB29K,60.08367286302879,60.08367286302879
categorical__DeviceInfo_BV6000,59.76497349589044,59.76497349589044
categorical__DeviceInfo_SM-N910T Build/MMB29M,59.3222215056142,59.3222215056142
categorical__DeviceInfo_LGLS676 Build/MXB48T,59.20582121145752,59.20582121145752
categorical__id_31_chrome 55.0,59.104233481528595,59.104233481528595
categorical__P_emaildomain_comcast.net,58.95591986717739,58.95591986717739
numeric__V95,-58.585869063756846,58.585869063756846
numeric__V276,-58.42669080951973,58.42669080951973
categorical__DeviceInfo_LG-M700 Build/NMF26X,57.95855993137802,57.95855993137802
categorical__DeviceInfo_LG-LS993 Build/NRD90U,-57.52271599157361,57.52271599157361
categorical__DeviceInfo_Redmi 4A Build/MMB29M,-57.506057199471186,57.506057199471186
categorical__DeviceInfo_rv:11.0,57.39094617586637,57.39094617586637
categorical__id_31_chrome 63.0 for ios,57.330830257924106,57.330830257924106
categorical__P_emaildomain_sbcglobal.net,57.0136907361261,57.0136907361261
categorical__id_30_Mac OS X 10_12_1,56.716725642927784,56.716725642927784
numeric__V97,-56.5420677435779,56.5420677435779
categorical__DeviceInfo_XT1003,56.48346832999053,56.48346832999053
categorical__DeviceInfo_Aquaris,55.735804090085054,55.735804090085054
categorical__DeviceInfo_Windows NT 6.2,55.6966108802777,55.6966108802777
categorical__DeviceInfo_Moto E (4) Build/NMA26.42-69,55.4355671481212,55.4355671481212
categorical__P_emaildomain_bellsouth.net,55.410798750129935,55.410798750129935
categorical__DeviceInfo_SM-A310M Build/LMY47X,-55.23077500156443,55.23077500156443
categorical__DeviceInfo_VS500,-55.229956711158046,55.229956711158046
categorical__id_31_samsung browser 5.4,-55.22436732876165,55.22436732876165
categorical__DeviceInfo_QTAQZ3 Build/LMY47V,55.16938230303036,55.16938230303036
numeric__V71,55.04546301395489,55.04546301395489
categorical__DeviceInfo_es-mx,-54.9263787359586,54.9263787359586
numeric__V215,-54.43407890349239,54.43407890349239
categorical__DeviceInfo_SAMSUNG SM-G955U Build/NRD90M,54.42000900048911,54.42000900048911
categorical__R_emaildomain_cfl.rr.com,53.984747629588675,53.984747629588675
categorical__DeviceInfo_SM-G928V Build/NRD90M,53.92002544726107,53.92002544726107
categorical__P_emaildomain_gmail,53.85093289824421,53.85093289824421
categorical__id_30_Android 4.4.2,-53.70394173501205,53.70394173501205
categorical__DeviceInfo_Fractal,53.60497510422886,53.60497510422886
numeric__V58,53.526044640360965,53.526044640360965
categorical__DeviceInfo_SAMSUNG SM-G530H Build/LRX22G,53.47463879878954,53.47463879878954
categorical__DeviceInfo_SM-G930V Build/MMB29M,-52.938775916253626,52.938775916253626
categorical__DeviceInfo_SM-G925P Build/NRD90M,52.61219059228838,52.61219059228838
categorical__DeviceInfo_rv:45.0,-52.60158657385204,52.60158657385204
categorical__DeviceInfo_SM-T710 Build/NRD90M,52.403615977412066,52.403615977412066
categorical__id_33_1280x600,-52.38492200639673,52.38492200639673
categorical__DeviceInfo_Nexus 6P Build/OPR5.170623.011,52.29153042244789,52.29153042244789
numeric__V101,52.26849894622508,52.26849894622508
categorical__DeviceInfo_SM-G925I Build/LMY47X,51.87278128155949,51.87278128155949
categorical__id_33_1344x756,-51.79645869637381,51.79645869637381
categorical__DeviceInfo_LG-P714,51.66822621718271,51.66822621718271
categorical__id_30_Mac OS X 10.12,51.55278879077848,51.55278879077848
categorical__id_31_android webview 4.0,51.29400713652908,51.29400713652908
categorical__R_emaildomain_ymail.com,-51.28179501364146,51.28179501364146
categorical__DeviceInfo_SM-G950U1 Build/NRD90M,-51.255457105399486,51.255457105399486
numeric__C12,-51.14594367644118,51.14594367644118
categorical__DeviceInfo_SAMSUNG SM-G950U Build/NRD90M,50.98087969543107,50.98087969543107
categorical__P_emaildomain_mail.com,50.809362965814664,50.809362965814664
categorical__DeviceInfo_SAMSUNG-SM-J727A Build/NRD90M,50.78883545989284,50.78883545989284
categorical__DeviceInfo_GT-I9500,50.76436871556906,50.76436871556906
categorical__id_33_1600x1000,-50.468696218994715,50.468696218994715
categorical__DeviceInfo_Linux i686,-50.46015768560069,50.46015768560069
categorical__DeviceInfo_STV100-2 Build/MMB29M,-50.380271160014985,50.380271160014985
categorical__id_30_Mac OS X 10.13,50.200902587379026,50.200902587379026
categorical__DeviceInfo_SM-G530H Build/LRX22G,49.8788988301706,49.8788988301706
categorical__DeviceInfo_LG-H810/H81021z,49.83095121297744,49.83095121297744
categorical__DeviceInfo_SM-G550T1 Build/MMB29K,49.69307139259377,49.69307139259377
categorical__DeviceInfo_SAMSUNG SM-G892A Build/NRD90M,-49.38746258472163,49.38746258472163
categorical__DeviceInfo_SAMSUNG SM-G930T Build/NRD90M,49.19368488320219,49.19368488320219
categorical__DeviceInfo_SM-G935V,-49.13943533162264,49.13943533162264
numeric__V57,-48.99961060414986,48.99961060414986
categorical__DeviceInfo_SM-A510M Build/LMY47X,48.67078956517306,48.67078956517306
numeric__V216,48.55271936523203,48.55271936523203
categorical__DeviceInfo_SM-A320Y Build/NRD90M,-48.50204285154899,48.50204285154899
categorical__DeviceInfo_Z837VL,48.36217837481922,48.36217837481922
categorical__DeviceInfo_SM-T230 Build/KOT49H,48.22714044868793,48.22714044868793
categorical__id_31_chrome 46.0 for android,-48.18094296026921,48.18094296026921
categorical__DeviceInfo_GT-I8190L Build/JZO54K,48.052989524920974,48.052989524920974
categorical__id_31_samsung browser 4.0,-47.62127393150658,47.62127393150658
categorical__DeviceInfo_Moto C Plus Build/NRD90M.05.022,-47.27160624770255,47.27160624770255
numeric__V103,47.01346651336475,47.01346651336475
categorical__id_30_Mac OS X 10.11,46.68782639091695,46.68782639091695
categorical__R_emaildomain_sbcglobal.net,-46.21069452739856,46.21069452739856
categorical__DeviceInfo_Redmi 4X Build/N2G47H,-45.887213438820304,45.887213438820304
categorical__DeviceInfo_rv:50.0,-45.45224041712323,45.45224041712323
categorical__id_31_chrome,45.34225684771423,45.34225684771423
categorical__DeviceInfo_LG-H542 Build/MRA58K,45.275099227980135,45.275099227980135
categorical__DeviceInfo_LG-H910 Build/NRD90M,45.258765264036285,45.258765264036285
categorical__R_emaildomain_live.fr,45.25412685291633,45.25412685291633
categorical__P_emaildomain_live.fr,45.254126852851776,45.254126852851776
numeric__V323,45.22936370787941,45.22936370787941
categorical__DeviceInfo_SM-N910H,45.1693290919009,45.1693290919009
numeric__V279,-44.847706413908234,44.847706413908234
categorical__DeviceInfo_LG-H840 Build/NRD90U,44.69837124004394,44.69837124004394
numeric__V243,44.5875877566121,44.5875877566121
categorical__DeviceInfo_VS987 Build/NRD90U,-44.47447921283475,44.47447921283475
categorical__DeviceInfo_XT1635-01 Build/NDNS26.118-23-12-3,44.33823917927473,44.33823917927473
numeric__V226,-44.297569355370555,44.297569355370555
categorical__R_emaildomain_hotmail.co.uk,44.29736208486979,44.29736208486979
categorical__P_emaildomain_hotmail.co.uk,44.297362084712454,44.297362084712454
categorical__DeviceInfo_SM-G925I Build/MMB29K,44.28466878727771,44.28466878727771
numeric__V192,-44.222747527251904,44.222747527251904
categorical__DeviceInfo_Moto G (5) Plus Build/NPNS25.137-15-11,44.123528832780075,44.123528832780075
categorical__DeviceInfo_LG-H901,44.05295047996439,44.05295047996439
numeric__V310,44.023635281502926,44.023635281502926
categorical__DeviceInfo_LGMP450 Build/NRD90U,43.99358258881854,43.99358258881854
categorical__DeviceInfo_HUAWEI CUN-L03 Build/HUAWEICUN-L03,43.85638396439325,43.85638396439325
categorical__DeviceInfo_SM-J730G Build/NRD90M,43.76032801080398,43.76032801080398
categorical__DeviceInfo_SAMSUNG SM-G935A Build/NRD90M,43.623371056909484,43.623371056909484
categorical__id_30_Android 7.1.2,43.5047075746238,43.5047075746238
categorical__DeviceInfo_SAMSUNG-SM-G900A Build/MMB29M,-43.46387081626028,43.46387081626028
categorical__DeviceInfo_Z798BL Build/MMB29M,43.461481159687615,43.461481159687615
categorical__DeviceInfo_NX785QC8G,43.45271167268219,43.45271167268219
categorical__DeviceInfo_SAMSUNG SM-J327T Build/NRD90M,-43.139278430029286,43.139278430029286
categorical__DeviceInfo_SM-T560NU Build/NMF26X,-43.112019365656174,43.112019365656174
categorical__DeviceInfo_LG-H500 Build/LRX21Y,42.900125644610746,42.900125644610746
categorical__DeviceInfo_LG-V410,-42.86913827132192,42.86913827132192
categorical__DeviceInfo_TOMMY2,42.499031650595256,42.499031650595256
categorical__P_emaildomain_earthlink.net,42.37365537912551,42.37365537912551
categorical__DeviceInfo_LGLS991,-42.2765666928447,42.2765666928447
numeric__V168,41.99776499265199,41.99776499265199
categorical__DeviceInfo_KFFOWI Build/LVY48F,-41.948381245524445,41.948381245524445
categorical__DeviceInfo_Moto E (4) Build/NMA26.42-19,41.89082485876644,41.89082485876644
categorical__id_31_other,-41.55180464262628,41.55180464262628
categorical__DeviceInfo_Z410,-41.17566622400409,41.17566622400409
categorical__DeviceInfo_VS501 Build/NRD90U,41.14918374356326,41.14918374356326
categorical__DeviceInfo_SM-A720F Build/MMB29K,-41.027545829154704,41.027545829154704
categorical__id_31_firefox,40.720154668604934,40.720154668604934
categorical__DeviceInfo_LG-K530 Build/MMB29M,40.660278343233294,40.660278343233294
categorical__DeviceInfo_Android 4.4.2,40.43244756936364,40.43244756936364
categorical__P_emaildomain_yahoo.co.jp,-40.172358857739326,40.172358857739326
categorical__R_emaildomain_yahoo.co.jp,-40.17235885752137,40.17235885752137
categorical__DeviceInfo_SM-G900M Build/LRX21T,40.02590578064666,40.02590578064666
categorical__DeviceInfo_rv:54.0,-39.7662223601855,39.7662223601855
categorical__DeviceInfo_SM-J320M Build/LMY47V,39.3776701127506,39.3776701127506
categorical__DeviceInfo_Trident/7.0,39.25444202806099,39.25444202806099
categorical__DeviceInfo_P5526A Build/NRD90M,38.997924862917166,38.997924862917166
categorical__id_30_Android 8.0.0,38.98300955911011,38.98300955911011
numeric__V230,-38.97262587833963,38.97262587833963
categorical__DeviceInfo_HTC Desire 10 lifestyle Build/MMB29M,38.94954900758956,38.94954900758956
categorical__DeviceInfo_LGMS631 Build/MRA58K,38.83236009577662,38.83236009577662
categorical__P_emaildomain_rocketmail.com,-38.78902320957673,38.78902320957673
numeric__V287,-38.76896323108066,38.76896323108066
categorical__DeviceInfo_LGLS770,-38.68065541354277,38.68065541354277
categorical__R_emaildomain_q.com,-38.67601698616073,38.67601698616073
categorical__DeviceInfo_GT-P5113,38.63681517437263,38.63681517437263
categorical__id_31_chrome 60.0,38.5193063224465,38.5193063224465
categorical__card6_debit,38.47593638967707,38.47593638967707
categorical__P_emaildomain_aol.com,38.469380010887726,38.469380010887726
categorical__R_emaildomain_bellsouth.net,-38.158980418754126,38.158980418754126
categorical__id_30_Mac OS X 10.10,38.1313834491234,38.1313834491234
categorical__DeviceInfo_SM-A710M,38.058376114220245,38.058376114220245
categorical__DeviceInfo_SM-G531H Build/LMY48B,37.959055160145994,37.959055160145994
categorical__DeviceInfo_F8331,-37.87401002256148,37.87401002256148
numeric__V337,37.471527255815644,37.471527255815644
categorical__DeviceInfo_XT1254 Build/MCG24.251-5-5,-37.3232642738013,37.3232642738013
categorical__DeviceInfo_M4 SS4453 Build/MMB29M,37.1470756713432,37.1470756713432
categorical__DeviceInfo_SAMSUNG-SM-G930A Build/NRD90M,37.105567032299994,37.105567032299994
categorical__R_emaildomain_earthlink.net,-37.090589065632564,37.090589065632564
categorical__DeviceInfo_Moto G (5S,37.06325734596292,37.06325734596292
categorical__DeviceInfo_HTC Desire 530 Build/MMB29M,-36.98977757895156,36.98977757895156
categorical__DeviceInfo_E6603 Build/32.4.A.1.54,-36.923312759245064,36.923312759245064
categorical__id_33_1200x675,-36.84911057993301,36.84911057993301
categorical__P_emaildomain_juno.com,-36.79499626265154,36.79499626265154
categorical__id_30_Android 5.1.1,-36.77840175287163,36.77840175287163
categorical__DeviceInfo_5051A Build/MMB29M,36.5085812530236,36.5085812530236
categorical__DeviceInfo_XT1585 Build/NCK25.118-10.5,36.338492735673576,36.338492735673576
categorical__DeviceInfo_LGMS550 Build/NRD90U,36.25211906021669,36.25211906021669
categorical__id_31_chrome 59.0 for android,36.1584763887154,36.1584763887154
numeric__V285,-36.00698814866143,36.00698814866143
categorical__DeviceInfo_SAMSUNG SM-G950U1 Build/NRD90M,35.97604673698153,35.97604673698153
categorical__DeviceInfo_LG-TP260 Build/NRD90U,35.909310885992326,35.909310885992326
categorical__DeviceInfo_ONEPLUS A5000 Build/NMF26X,-35.86276632294238,35.86276632294238
numeric__V299,-35.725027509767585,35.725027509767585
categorical__DeviceInfo_XT1032 Build/KXB21.14-L1.40,35.515173336904176,35.515173336904176
categorical__DeviceInfo_SAMSUNG-SM-G900A Build/LRX21T,35.39724550394518,35.39724550394518
categorical__id_30_Android 5.0,35.39724550386687,35.39724550386687
categorical__DeviceInfo_SM-J701M Build/NRD90M,35.27207915019621,35.27207915019621
categorical__id_30_iOS 10.0.2,35.19309311494148,35.19309311494148
categorical__DeviceInfo_LG-X240 Build/MRA58K,-35.190673785804776,35.190673785804776
categorical__DeviceInfo_SM-T330NU Build/LMY47X,-35.177577195117145,35.177577195117145
categorical__DeviceInfo_SM-A310M,-35.14228787217628,35.14228787217628
categorical__P_emaildomain_anonymous.com,35.09418855848975,35.09418855848975
categorical__DeviceInfo_SAMSUNG SM-T580 Build/NRD90M,35.09071363628672,35.09071363628672
categorical__DeviceInfo_KYOCERA-C6742A Build/LMY47V,34.842261737670064,34.842261737670064
categorical__id_31_firefox 52.0,34.63662844879554,34.63662844879554
categorical__DeviceInfo_Ilium LT500 Build/LMY47O,34.63590917794809,34.63590917794809
categorical__DeviceInfo_SAMSUNG SM-G950F Build/NRD90M,34.48563391255539,34.48563391255539
categorical__P_emaildomain_windstream.net,34.396581382554196,34.396581382554196
categorical__P_emaildomain_frontiernet.net,34.33967178073945,34.33967178073945
categorical__id_33_1356x900,-34.27755832943562,34.27755832943562
categorical__DeviceInfo_BNTV400,-34.27755832925183,34.27755832925183
categorical__DeviceInfo_SM-T700 Build/MMB29K,-33.95382024670893,33.95382024670893
categorical__R_emaildomain_embarqmail.com,33.86251716522127,33.86251716522127
categorical__DeviceInfo_SM-G930R4 Build/NRD90M,-33.74172857863134,33.74172857863134
categorical__DeviceInfo_SM-E500M Build/KTU84P,33.72352293432074,33.72352293432074
categorical__DeviceInfo_SM-P350 Build/MMB29M,33.72319120678806,33.72319120678806
categorical__DeviceInfo_GT-P5210 Build/JDQ39,33.65796201515682,33.65796201515682
categorical__id_31_ie,33.508697169049235,33.508697169049235
categorical__DeviceInfo_5080A Build/MRA58K,-33.464164337414296,33.464164337414296
categorical__DeviceInfo_LG-H872 Build/NRD90U,-33.42061900793756,33.42061900793756
numeric__V316,33.33865591478901,33.33865591478901
categorical__id_30_Windows 8.1,33.08693661041353,33.08693661041353
categorical__id_31_chrome 59.0,33.06627710384296,33.06627710384296
categorical__DeviceInfo_SM-G920P Build/NRD90M,32.82557198947628,32.82557198947628
categorical__id_31_samsung browser 6.2,-32.75699537821329,32.75699537821329
categorical__id_33_1344x840,-32.44726028007564,32.44726028007564
categorical__DeviceInfo_Moto Z2 Play Build/NPS26.118-19,-32.33900865809944,32.33900865809944
numeric__C11,32.31790812587191,32.31790812587191
numeric__V291,-32.29225851590606,32.29225851590606
categorical__DeviceInfo_SM-G935W8,-32.22074938124427,32.22074938124427
categorical__id_31_safari generic,32.08184946874335,32.08184946874335
categorical__DeviceInfo_SM-G900P Build/MMB29M,31.96518863886436,31.96518863886436
categorical__id_30_Windows 10,31.95897843610486,31.95897843610486
categorical__DeviceInfo_XT1635-02 Build/NPN26.118-22-2,31.833330537940693,31.833330537940693
categorical__DeviceInfo_SM-G928G Build/NRD90M,31.812022486343942,31.812022486343942
categorical__id_31_chrome 53.0 for android,-31.81062983037085,31.81062983037085
categorical__DeviceInfo_SAMSUNG SM-T810 Build/NRD90M,-31.72083999149779,31.72083999149779
categorical__DeviceInfo_SM-J111M Build/LMY47V,-31.54763168653345,31.54763168653345
categorical__DeviceInfo_EVA-L09 Build/HUAWEIEVA-L09,-31.5411005238644,31.5411005238644
categorical__DeviceInfo_Blade L5 Build/LMY47I,-31.449567094066023,31.449567094066023
categorical__R_emaildomain_windstream.net,-31.42355052913089,31.42355052913089
categorical__P_emaildomain_mac.com,-31.40604904491332,31.40604904491332
categorical__DeviceInfo_Moto Z (2,31.21510319989976,31.21510319989976
categorical__DeviceInfo_GT-I9060M Build/KTU84P,31.08925462064245,31.08925462064245
categorical__P_emaildomain_msn.com,30.99825724084806,30.99825724084806
categorical__DeviceInfo_SAMSUNG SM-G930P Build/NRD90M,30.95585130333789,30.95585130333789
categorical__P_emaildomain_charter.net,-30.91183643044558,30.91183643044558
categorical__id_31_waterfox,30.853574051923864,30.853574051923864
categorical__R_emaildomain_comcast.net,-30.723203686734955,30.723203686734955
categorical__DeviceInfo_LG-K580 Build/MRA58K,30.63752551990971,30.63752551990971
categorical__DeviceInfo_SM-J120H Build/LMY47V,-30.46727596130186,30.46727596130186
categorical__DeviceInfo_Z981 Build/MMB29M,30.33570490237227,30.33570490237227
categorical__DeviceInfo_LG-K410 Build/LRX22G,30.32540662467882,30.32540662467882
categorical__DeviceInfo_Redmi Note 4 Build/MMB29M,-30.224393143417554,30.224393143417554
numeric__D1,-30.112439784761985,30.112439784761985
categorical__DeviceInfo_XT1063,-30.049609303126424,30.049609303126424
categorical__R_emaildomain_charter.net,29.87414593806539,29.87414593806539
numeric__V324,-29.717477814314385,29.717477814314385
categorical__DeviceInfo_Moto G (5) Plus Build/NPN25.137-72,-29.694299213274974,29.694299213274974
categorical__id_30_Windows 7,29.678972316860392,29.678972316860392
numeric__V100,29.67233607198486,29.67233607198486
categorical__DeviceInfo_SM-J510MN Build/MMB29M,29.559356585560295,29.559356585560295
categorical__DeviceInfo_SAMSUNG SM-T587P Build/NRD90M,29.557926256630005,29.557926256630005
categorical__R_emaildomain_me.com,-29.52084079730838,29.52084079730838
categorical__DeviceInfo_5012G Build/MRA58K,29.470545384646687,29.470545384646687
categorical__DeviceInfo_Moto G (4) Build/NPJ25.93-14.5,29.270957029663016,29.270957029663016
categorical__id_31_chrome 58.0 for android,29.195429895778712,29.195429895778712
categorical__DeviceInfo_LG-LS998,-29.07890019337178,29.07890019337178
categorical__DeviceInfo_SM-T550,-29.015737977826856,29.015737977826856
categorical__DeviceInfo_Blade V580 Build/LMY47D,-28.969780148350583,28.969780148350583
numeric__V104,28.967683996597,28.967683996597
categorical__DeviceInfo_XT1080 Build/SU6-7.7,28.920972017920022,28.920972017920022
categorical__DeviceInfo_HUAWEI VNS-L21 Build/HUAWEIVNS-L21,-28.86463176505066,28.86463176505066
categorical__DeviceInfo_Moto G (5) Build/NPP25.137-82,28.787518973654336,28.787518973654336
numeric__V237,-28.73225263887058,28.73225263887058
categorical__DeviceInfo_LG-H918 Build/NRD90M,-28.732112454750013,28.732112454750013
numeric__V167,-28.650650515572856,28.650650515572856
numeric__V211,-28.626157646920845,28.626157646920845
numeric__V263,-28.3156286379956,28.3156286379956
categorical__id_30_other,-28.268935671418333,28.268935671418333
categorical__id_31_Nokia/Lumia,-28.26893567133471,28.26893567133471
categorical__DeviceInfo_iOS Device,28.20909255825203,28.20909255825203
numeric__V288,-27.97674583301469,27.97674583301469
numeric__V154,-27.95785401799104,27.95785401799104
categorical__R_emaildomain_mac.com,27.92056867393087,27.92056867393087
categorical__P_emaildomain_hotmail.com,27.912348345207704,27.912348345207704
categorical__id_31_chrome 49.0,27.863055997961524,27.863055997961524
categorical__DeviceInfo_Moto G (5) Plus Build/NPN25.137-83,-27.615408927369206,27.615408927369206
categorical__DeviceInfo_SM-T377W,27.61086604048654,27.61086604048654
categorical__R_emaildomain_frontier.com,-27.6073087125617,27.6073087125617
categorical__DeviceInfo_SM-T560NU Build/MMB29M,-27.572964745515186,27.572964745515186
categorical__DeviceInfo_SM-J320V Build/NMF26X,27.481416591623475,27.481416591623475
categorical__id_31_edge 16.0,27.35469372657265,27.35469372657265
numeric__C7,27.329993621156635,27.329993621156635
categorical__id_31_mobile safari 8.0,-27.31046250514944,27.31046250514944
categorical__DeviceInfo_KFAUWI Build/LVY48F,-27.200857085173205,27.200857085173205
categorical__DeviceInfo_SAMSUNG-SM-G870A Build/MMB29M,27.156782985760756,27.156782985760756
categorical__DeviceInfo_KFGIWI Build/LVY48F,27.142335275236253,27.142335275236253
categorical__R_emaildomain_mail.com,-26.860937992421803,26.860937992421803
numeric__C8,26.664145138691946,26.664145138691946
categorical__DeviceInfo_KFAPWI Build/KTU84M,26.41653250187521,26.41653250187521
categorical__DeviceInfo_SM-G955F Build/NRD90M,26.394600789694437,26.394600789694437
categorical__DeviceInfo_HUAWEI VNS-L23 Build/HUAWEIVNS-L23,26.327796091196724,26.327796091196724
categorical__DeviceInfo_SM-J730F,-26.152142644169032,26.152142644169032
categorical__DeviceInfo_Moto Z2 Play Build/NPS26.74-16-1,-26.133888509210312,26.133888509210312
categorical__DeviceInfo_SM-G550T Build/MMB29K,-26.06559939195872,26.06559939195872
categorical__id_31_chrome 58.0,26.058671069186225,26.058671069186225
numeric__V233,-26.022705083396865,26.022705083396865
categorical__DeviceInfo_Le,25.949413953221082,25.949413953221082
categorical__DeviceInfo_Blade V6 Max Build/MRA58K,-25.928223031047494,25.928223031047494
categorical__DeviceInfo_KFDOWI Build/LVY48F,25.91576634026681,25.91576634026681
numeric__D2,25.891346160246663,25.891346160246663
numeric__V179,-25.803454815923757,25.803454815923757
categorical__DeviceInfo_SM-J700M Build/LMY48B,25.620883510656384,25.620883510656384
numeric__V181,25.60639233117523,25.60639233117523
categorical__id_30_Mac OS X 10.6,-25.570408989279343,25.570408989279343
categorical__DeviceInfo_LG-M320 Build/NRD90U,25.497678521982643,25.497678521982643
numeric__V306,25.31282909193507,25.31282909193507
categorical__DeviceInfo_LG-H870 Build/NRD90U,25.26372163024841,25.26372163024841
numeric__C4,25.21961266232988,25.21961266232988
categorical__DeviceInfo_SGP521,24.98964678432075,24.98964678432075
categorical__P_emaildomain_servicios-ta.com,24.95553703334118,24.95553703334118
categorical__R_emaildomain_servicios-ta.com,24.955537033130362,24.955537033130362
numeric__V177,24.88111164833308,24.88111164833308
categorical__id_31_Samsung/SCH,-24.879217049211316,24.879217049211316
categorical__DeviceInfo_SM-G930T Build/NRD90M,24.691254876019052,24.691254876019052
categorical__DeviceInfo_SM-S903VL,-24.64121093087464,24.64121093087464
categorical__P_emaildomain_cox.net,24.593390016712956,24.593390016712956
categorical__DeviceInfo_LG-K428 Build/MMB29M,-24.53321431965127,24.53321431965127
numeric__V246,24.435166028093985,24.435166028093985
categorical__DeviceInfo_SM-T113NU Build/KTU84P,-24.25745413017279,24.25745413017279
categorical__DeviceInfo_SM-T580 Build/NRD90M,24.180646113850383,24.180646113850383
categorical__card6_debit or credit,-24.178238263082307,24.178238263082307
categorical__DeviceInfo_HUAWEI Y520-U03 Build/HUAWEIY520-U03,-24.154594584534884,24.154594584534884
numeric__V32,24.144816357838536,24.144816357838536
categorical__DeviceInfo_Blade V6 Plus Build/MRA58K,24.037887449906542,24.037887449906542
categorical__DeviceInfo_SM-G935T Build/NRD90M,23.930513075505537,23.930513075505537
categorical__M5_T,-23.91459853838003,23.91459853838003
categorical__DeviceInfo_rv:52.0,-23.84750087936155,23.84750087936155
categorical__DeviceInfo_Moto G (4) Build/NPJS25.93-14-10,23.810729673402527,23.810729673402527
categorical__DeviceInfo_REX,-23.787433899505594,23.787433899505594
categorical__DeviceInfo_F3113 Build/33.3.A.1.97,23.777318066704144,23.777318066704144
categorical__DeviceInfo_SM-G610F,-23.745728462454316,23.745728462454316
categorical__DeviceInfo_SM-G935V Build/NRD90M,23.71812200829191,23.71812200829191
categorical__DeviceInfo_SM-J327VPP Build/NRD90M,23.6873200066755,23.6873200066755
categorical__DeviceInfo_rv:58.0,23.684872805530905,23.684872805530905
numeric__V16,-23.640391403414682,23.640391403414682
categorical__DeviceInfo_rv:47.0,-23.345257726171972,23.345257726171972
categorical__DeviceInfo_SM-G930P Build/NRD90M,23.259736688000242,23.259736688000242
categorical__id_30_Android 6.0.1,23.201934290422795,23.201934290422795
numeric__V193,23.0665036754919,23.0665036754919
categorical__P_emaildomain_cfl.rr.com,22.966884678230098,22.966884678230098
categorical__DeviceInfo_SM-G900F Build/LRX21T,-22.94903016224523,22.94903016224523
categorical__DeviceInfo_ZEIA8,22.90298507476497,22.90298507476497
categorical__DeviceInfo_Moto Z2 Play Build/NPSS26.118-19-6,22.874327940786777,22.874327940786777
categorical__DeviceInfo_LG-V495/V49520l,-22.833860057189046,22.833860057189046
categorical__DeviceInfo_es-us,-22.808099997998003,22.808099997998003
categorical__id_31_edge 14.0,22.791250818972852,22.791250818972852
categorical__DeviceInfo_LG-K220 Build/MXB48T,22.72396813333352,22.72396813333352
categorical__DeviceInfo_Ilium L910 Build/MRA58K,22.70113488985929,22.70113488985929
numeric__V326,-22.56520323758299,22.56520323758299
numeric__V266,-22.351379393364216,22.351379393364216
categorical__DeviceInfo_SM-A510F Build/NRD90M,22.311560475124363,22.311560475124363
categorical__DeviceInfo_VS988 Build/NRD90U,22.125139403019958,22.125139403019958
categorical__DeviceInfo_SM-N920V Build/NRD90M,22.07472668204014,22.07472668204014
categorical__DeviceInfo_ILIUM,-22.02113955126012,22.02113955126012
categorical__id_31_firefox 48.0,21.946839777537317,21.946839777537317
categorical__DeviceInfo_rv:48.0,21.94683977735914,21.94683977735914
categorical__id_31_chrome 52.0 for android,21.90084802747424,21.90084802747424
categorical__DeviceInfo_SAMSUNG-SM-T337A Build/LMY47X,21.876173633753243,21.876173633753243
categorical__id_31_chrome 56.0,-21.723675181071545,21.723675181071545
categorical__DeviceInfo_F8331 Build/41.2.A.7.76,-21.61291396760595,21.61291396760595
categorical__id_31_firefox 57.0,21.579677393092847,21.579677393092847
categorical__id_31_chrome 62.0,21.533715264662437,21.533715264662437
categorical__DeviceInfo_AX920,-21.443328640845067,21.443328640845067
categorical__id_31_chrome 62.0 for ios,21.43346949437503,21.43346949437503
categorical__R_emaildomain_aol.com,-21.36651503746365,21.36651503746365
categorical__id_33_1281x801,-21.32736769542585,21.32736769542585
categorical__DeviceInfo_KFTT Build/IML74K,-21.3273676954254,21.3273676954254
categorical__R_emaildomain_gmx.de,21.093940908563173,21.093940908563173
categorical__P_emaildomain_gmx.de,21.093940908562896,21.093940908562896
categorical__id_34_match_status:2,21.060636805502497,21.060636805502497
numeric__V213,21.022735771028675,21.022735771028675
categorical__DeviceInfo_SM-T350 Build/NMF26X,-21.018749606755687,21.018749606755687
categorical__DeviceInfo_XT1053 Build/LPAS23.12-21.7-1,20.89087892176726,20.89087892176726
categorical__id_34_match_status:1,20.865781924368193,20.865781924368193
categorical__DeviceInfo_LGLS775 Build/NRD90U,-20.78038931169943,20.78038931169943
categorical__DeviceInfo_HUAWEI RIO-L03 Build/HUAWEIRIO-L03,20.773082444192777,20.773082444192777
categorical__DeviceInfo_QTASUN1 Build/NRD90M,-20.654516086269712,20.654516086269712
categorical__id_33_2048x1280,20.647968619582837,20.647968619582837
numeric__V313,20.607710863841685,20.607710863841685
categorical__DeviceInfo_MOT-A6020l37 Build/LMY47V,20.586249478275324,20.586249478275324
categorical__M3_T,-20.575828609301865,20.575828609301865
categorical__id_31_chrome 61.0 for android,20.411339089458185,20.411339089458185
categorical__DeviceInfo_RCT6303W87M7 Build/MRA58K,20.34387261511706,20.34387261511706
numeric__V328,-20.341423303326632,20.341423303326632
categorical__DeviceInfo_ALE-L21 Build/HuaweiALE-L21,-20.307653843238267,20.307653843238267
numeric__V339,-20.27472252842832,20.27472252842832
categorical__DeviceInfo_rv:57.0,-20.22669733180878,20.22669733180878
categorical__DeviceInfo_SM-T713 Build/NRD90M,20.194130791806792,20.194130791806792
categorical__DeviceInfo_XT1563 Build/MPDS24.107-52-5,-20.0930479952229,20.0930479952229
numeric__V309,-19.924810856340457,19.924810856340457
categorical__DeviceInfo_SM-P550 Build/MMB29M,-19.86665819799503,19.86665819799503
categorical__DeviceInfo_HUAWEI TAG-L13 Build/HUAWEITAG-L13,-19.862430280479945,19.862430280479945
categorical__id_31_edge 15.0,19.612731718969304,19.612731718969304
categorical__R_emaildomain_hotmail.de,-19.586903445869915,19.586903445869915
categorical__P_emaildomain_hotmail.de,-19.586903444239184,19.586903444239184
categorical__R_emaildomain_scranton.edu,19.586730188629463,19.586730188629463
categorical__DeviceInfo_Ilium X710 Build/MRA58K,19.38934836850332,19.38934836850332
categorical__DeviceInfo_SM-G955U Build/NRD90M,19.38413955751502,19.38413955751502
categorical__DeviceInfo_SM-G930V Build/NRD90M,19.349612589531894,19.349612589531894
numeric__V207,-19.335773938041456,19.335773938041456
categorical__DeviceInfo_Moto G (4) Build/NPJ25.93-14.7,19.31851617145452,19.31851617145452
categorical__DeviceInfo_LG-LS777 Build/NRD90U,19.262361328420504,19.262361328420504
numeric__V331,-19.19282828750367,19.19282828750367
categorical__DeviceInfo_F5321,19.15668227535837,19.15668227535837
categorical__DeviceInfo_LG-M210 Build/NRD90U,19.153573323625416,19.153573323625416
categorical__DeviceInfo_SM-T820 Build/NRD90M,19.1298787971237,19.1298787971237
categorical__DeviceInfo_K88 Build/MMB29M,19.113063020826807,19.113063020826807
categorical__DeviceInfo_SM-N950U Build/NMF26X,19.10476016710747,19.10476016710747
categorical__DeviceInfo_XT1032 Build/LPBS23.13-56-2,19.069531408248587,19.069531408248587
categorical__R_emaildomain_hotmail.fr,19.063388296392894,19.063388296392894
categorical__P_emaildomain_hotmail.fr,19.06338829485486,19.06338829485486
categorical__DeviceInfo_G3123 Build/40.0.A.6.135,19.025819358042604,19.025819358042604
categorical__id_12_NotFound,-19.015133117225755,19.015133117225755
categorical__id_33_2000x1125,-18.807266827039786,18.807266827039786
numeric__V307,18.734739165373632,18.734739165373632
categorical__DeviceInfo_Moto G Play Build/MPIS24.241-15.3-7,18.712502953196076,18.712502953196076
numeric__V269,18.704118082939925,18.704118082939925
categorical__id_30_iOS 10.3.1,-18.604490325964594,18.604490325964594
categorical__id_31_chrome 63.0,18.56794941203657,18.56794941203657
numeric__V10,18.53417692260509,18.53417692260509
categorical__DeviceInfo_Moto E (4) Plus Build/NMA26.42-69,-18.47066606696457,18.47066606696457
categorical__DeviceInfo_LG-H811 Build/MRA58K,18.454351240096308,18.454351240096308
numeric__V242,-18.38097486740395,18.38097486740395
categorical__DeviceInfo_F5121 Build/34.3.A.0.228,18.37098535006731,18.37098535006731
categorical__id_30_iOS 10.2.0,-18.341398808911542,18.341398808911542
categorical__DeviceInfo_XT1058 Build/LPAS23.12-21.7-1,-18.2790084144112,18.2790084144112
categorical__id_30_iOS 9.3.5,-18.246520613717383,18.246520613717383
numeric__V31,-18.218085939061766,18.218085939061766
categorical__id_30_Windows 8,18.172539740716154,18.172539740716154
numeric__V153,-17.84501064280782,17.84501064280782
categorical__DeviceInfo_Nexus,-17.782814261632428,17.782814261632428
categorical__P_emaildomain_centurylink.net,-17.77798639437305,17.77798639437305
categorical__DeviceInfo_MotoE2 Build/LPCS23.13-56-5,17.56638664981918,17.56638664981918
categorical__id_30_iOS 11.0.1,17.5241674971231,17.5241674971231
categorical__P_emaildomain_twc.com,17.478945539426434,17.478945539426434
categorical__R_emaildomain_juno.com,17.432326591594688,17.432326591594688
categorical__DeviceInfo_X10,-17.383285650216763,17.383285650216763
categorical__id_31_chrome 43.0 for android,-17.383285649745748,17.383285649745748
numeric__V249,-17.265127137214165,17.265127137214165
categorical__DeviceInfo_LG-X180g Build/LMY47I,-17.2214285543125,17.2214285543125
numeric__V290,16.78708905857829,16.78708905857829
numeric__V17,16.636612331744725,16.636612331744725
categorical__DeviceInfo_Android,16.605623314634013,16.605623314634013
numeric__V18,-16.52118024243076,16.52118024243076
categorical__DeviceInfo_SAMSUNG SM-J700M Build/LMY48B,16.504357557034947,16.504357557034947
categorical__DeviceInfo_SAMSUNG-SM-J320A Build/MMB29K,-16.415702077962727,16.415702077962727
categorical__DeviceInfo_2PS64 Build/NRD90M,-16.234507537923605,16.234507537923605
categorical__DeviceInfo_Pixel Build/OPR3.170623.013,16.2178143586864,16.2178143586864
categorical__id_30_iOS 11.2.0,15.799419756127214,15.799419756127214
numeric__V284,15.677838573153846,15.677838573153846
numeric__V311,15.676287683697026,15.676287683697026
numeric__V98,15.628609716203917,15.628609716203917
numeric__V318,15.427390450941957,15.427390450941957
categorical__R_emaildomain_web.de,15.401280402832773,15.401280402832773
categorical__P_emaildomain_web.de,15.401280402252286,15.401280402252286
categorical__DeviceInfo_LG-D693n Build/LRX22G,15.357304766231977,15.357304766231977
categorical__M6_T,15.255586068818658,15.255586068818658
numeric__V261,15.250338589043597,15.250338589043597
categorical__id_30_Linux,15.21033661285841,15.21033661285841
categorical__DeviceInfo_SM-G570M Build/MMB29K,-15.191757360489852,15.191757360489852
categorical__id_30_iOS 11.0.0,-15.186505759450949,15.186505759450949
categorical__DeviceInfo_SM-G920V Build/NRD90M,-15.165705533417691,15.165705533417691
categorical__id_31_chrome generic for android,-15.147679531495935,15.147679531495935
categorical__P_emaildomain_verizon.net,-15.079674689813054,15.079674689813054
numeric__V245,15.05298854259322,15.05298854259322
categorical__DeviceInfo_LG-D680 Build/KOT49I,15.047597186692395,15.047597186692395
numeric__V119,14.932546624028127,14.932546624028127
categorical__P_emaildomain_icloud.com,14.840033020866585,14.840033020866585
categorical__DeviceInfo_Lenovo A2016b30 Build/MRA58K,14.828178985732558,14.828178985732558
categorical__DeviceInfo_rv:38.0,14.777120618215108,14.777120618215108
numeric__V73,-14.75128388497954,14.75128388497954
numeric__C9,14.726481395989158,14.726481395989158
numeric__V273,14.706299366991288,14.706299366991288
categorical__DeviceInfo_SM-A710M Build/LMY47X,14.641261542205203,14.641261542205203
categorical__DeviceInfo_SM-T550 Build/NMF26X,14.473603440603696,14.473603440603696
categorical__DeviceInfo_VS835,-14.425887287923267,14.425887287923267
numeric__V282,14.299257921014087,14.299257921014087
categorical__id_28_New,14.250619373836624,14.250619373836624
categorical__P_emaildomain_frontier.com,14.120019942839951,14.120019942839951
categorical__P_emaildomain_q.com,13.98177447735863,13.98177447735863
categorical__id_31_opera 49.0,13.966708589641108,13.966708589641108
categorical__DeviceInfo_SKY_5.0LM,-13.947324798477561,13.947324798477561
numeric__V298,-13.889969019545092,13.889969019545092
categorical__R_emaildomain_optonline.net,-13.81723697267782,13.81723697267782
categorical__DeviceInfo_SM-J727U Build/NRD90M,-13.810945971770643,13.810945971770643
categorical__id_31_chrome 63.0 for android,-13.791535939939104,13.791535939939104
categorical__DeviceInfo_LG-K540 Build/MMB29M,-13.777871761808942,13.777871761808942
categorical__DeviceInfo_SM-G900V Build/MMB29M,13.692824072494611,13.692824072494611
categorical__id_31_chrome 56.0 for android,-13.589198261860219,13.589198261860219
numeric__V222,13.54709242152881,13.54709242152881
categorical__DeviceInfo_Z971,13.533302175347318,13.533302175347318
categorical__id_36_T,-13.529195153700755,13.529195153700755
categorical__R_emaildomain_hotmail.com,-13.500631399793818,13.500631399793818
categorical__DeviceInfo_SM-T560 Build/KTU84P,13.13572396532779,13.13572396532779
categorical__DeviceInfo_Moto G Play Build/MPIS24.241-15.3-26,-13.111590364223597,13.111590364223597
categorical__DeviceInfo_SM-J320H,-13.107635728048741,13.107635728048741
categorical__id_31_chrome 54.0 for android,13.010234453765207,13.010234453765207
categorical__P_emaildomain_netzero.net,-13.009393110616733,13.009393110616733
numeric__V158,12.995085002606533,12.995085002606533
numeric__V106,12.982711588890512,12.982711588890512
categorical__DeviceInfo_SM-G925W8,-12.853717231856827,12.853717231856827
categorical__DeviceInfo_WAS-LX3 Build/HUAWEIWAS-LX3,-12.816546340566804,12.816546340566804
numeric__V15,12.757350583517049,12.757350583517049
categorical__DeviceInfo_Windows,12.741888713924114,12.741888713924114
categorical__DeviceInfo_Moto E (4) Build/NMA26.42-11-3,12.67479771397506,12.67479771397506
categorical__DeviceInfo_Moto G (5) Build/NPP25.137-72,12.645672555347819,12.645672555347819
numeric__C1,12.624210111520476,12.624210111520476
categorical__DeviceInfo_Lenovo K33b36 Build/NRD90N,12.578305430789634,12.578305430789634
categorical__DeviceInfo_HTC,12.400969174379378,12.400969174379378
categorical__id_30_iOS 10.2.1,12.270612169769436,12.270612169769436
numeric__V74,12.146353921545275,12.146353921545275
categorical__id_31_mobile safari uiwebview,12.107884794129667,12.107884794129667
categorical__id_30_Android 8.1.0,12.067148058646186,12.067148058646186
categorical__R_emaildomain_cox.net,-12.05568381489938,12.05568381489938
numeric__V223,11.992638709724528,11.992638709724528
numeric__V48,11.907679001094909,11.907679001094909
categorical__R_emaildomain_yahoo.fr,11.86191727724909,11.86191727724909
categorical__P_emaildomain_yahoo.fr,11.861917276628889,11.861917276628889
categorical__DeviceInfo_LG-K530 Build/NRD90U,11.770269174427995,11.770269174427995
categorical__id_31_mobile safari 10.0,11.765986838203979,11.765986838203979
categorical__id_30_iOS,11.695148102048192,11.695148102048192
categorical__DeviceInfo_BLADE V8 SE Build/NRD90M,-11.67483201946205,11.67483201946205
categorical__P_emaildomain_att.net,11.635817462007463,11.635817462007463
numeric__V238,-11.528905296606025,11.528905296606025
categorical__DeviceInfo_SM-A320FL Build/MMB29K,-11.47883221754891,11.47883221754891
categorical__DeviceInfo_F3213 Build/36.1.A.1.86,11.439240524963104,11.439240524963104
categorical__DeviceInfo_SM-G950U Build/NRD90M,11.405800369214278,11.405800369214278
categorical__DeviceInfo_SM-S120VL,-11.318796537980079,11.318796537980079
numeric__V248,11.312681779889822,11.312681779889822
numeric__V209,-11.303803243476747,11.303803243476747
categorical__P_emaildomain_live.com.mx,11.257194122411388,11.257194122411388
categorical__R_emaildomain_live.com.mx,11.257194122052823,11.257194122052823
categorical__DeviceInfo_SM-T817V Build/NRD90M,11.211742694494895,11.211742694494895
numeric__V208,11.18000700081685,11.18000700081685
categorical__id_15_New,-11.134380716433878,11.134380716433878
categorical__P_emaildomain_netzero.com,-11.115401877955943,11.115401877955943
numeric__V270,11.05514414379564,11.05514414379564
categorical__DeviceInfo_Ilium LT510 Build/MRA58K,11.053499192385996,11.053499192385996
categorical__P_emaildomain_yahoo.com,11.033389128433535,11.033389128433535
numeric__V194,10.985697641883664,10.985697641883664
categorical__DeviceInfo_LG-H990 Build/NRD90M,-10.951238484207412,10.951238484207412
categorical__id_30_Android 6.0,-10.855426756883414,10.855426756883414
categorical__DeviceInfo_Pixel Build/OPM1.171019.011,10.778389682733748,10.778389682733748
categorical__DeviceInfo_SM-G610M Build/MMB29K,10.746073775559179,10.746073775559179
numeric__V332,-10.695417065120022,10.695417065120022
numeric__V11,-10.577395020399763,10.577395020399763
categorical__id_31_chrome 50.0 for android,-10.486577112583769,10.486577112583769
categorical__id_31_edge,10.481451766170037,10.481451766170037
numeric__V315,10.479607280124828,10.479607280124828
categorical__id_23_IP_PROXY:HIDDEN,-10.471856995335564,10.471856995335564
categorical__id_31_chrome 62.0 for android,10.44940975005075,10.44940975005075
categorical__id_15_Unknown,10.442013025685766,10.442013025685766
numeric__V200,10.411365745958465,10.411365745958465
categorical__R_emaildomain_yahoo.de,-10.405293354396813,10.405293354396813
categorical__P_emaildomain_yahoo.de,-10.405293354321058,10.405293354321058
numeric__V221,-10.393120585396638,10.393120585396638
numeric__V152,-10.363154174797756,10.363154174797756
categorical__id_31_chrome generic,10.359445008004526,10.359445008004526
categorical__R_emaildomain_outlook.com,10.33124713170557,10.33124713170557
categorical__DeviceInfo_D6603 Build/23.5.A.1.291,10.22481000933149,10.22481000933149
categorical__DeviceInfo_GT-I9300,-10.177707170128718,10.177707170128718
numeric__V90,10.16051831907351,10.16051831907351
categorical__id_30_Windows XP,10.1359139160219,10.1359139160219
categorical__P_emaildomain_ptd.net,10.075533199973757,10.075533199973757
numeric__V21,-10.064387644136414,10.064387644136414
categorical__P_emaildomain_hotmail.es,10.015053386521341,10.015053386521341
categorical__R_emaildomain_hotmail.es,10.015053386044958,10.015053386044958
numeric__V322,9.995264519321985,9.995264519321985
categorical__DeviceInfo_SAMSUNG SM-G930F Build/NRD90M,-9.972673910910478,9.972673910910478
numeric__V39,9.932979954265264,9.932979954265264
numeric__V289,9.895819598181323,9.895819598181323
categorical__id_30_Android 7.0,9.77037054610895,9.77037054610895
numeric__V117,-9.75654122952109,9.75654122952109
categorical__DeviceInfo_SM-J700M Build/MMB29K,9.72971030154769,9.72971030154769
numeric__V197,-9.72205244090114,9.72205244090114
categorical__DeviceInfo_Microsoft,9.522804423610664,9.522804423610664
categorical__DeviceInfo_M4 SS4457 Build/MRA58K,-9.513687920536656,9.513687920536656
categorical__P_emaildomain_yahoo.com.mx,9.48638561074871,9.48638561074871
categorical__R_emaildomain_yahoo.com.mx,9.486385610439626,9.486385610439626
numeric__V327,9.456626045754069,9.456626045754069
numeric__V139,-9.440026157873268,9.440026157873268
numeric__V314,-9.411576527401126,9.411576527401126
categorical__id_31_edge 13.0,9.404368280768084,9.404368280768084
categorical__DeviceInfo_LG-K500 Build/MMB29M,-9.366762993036419,9.366762993036419
categorical__id_31_chrome 55.0 for android,-9.337333344168057,9.337333344168057
categorical__id_30_iOS 11.1.0,-9.201628383515422,9.201628383515422
numeric__V330,9.124568571131446,9.124568571131446
categorical__R_emaildomain_live.com,9.002433065395353,9.002433065395353
categorical__R_emaildomain_att.net,8.859631880710813,8.859631880710813
categorical__id_33_3000x2000,8.706063653719589,8.706063653719589
categorical__DeviceInfo_SM-T530NU Build/LRX22G,8.630293205311341,8.630293205311341
numeric__V227,-8.526418265708163,8.526418265708163
numeric__V205,-8.499253593018237,8.499253593018237
numeric__V22,8.423491398297685,8.423491398297685
categorical__id_30_Android 5.0.2,8.403168731696704,8.403168731696704
numeric__V178,-8.231454299114892,8.231454299114892
numeric__V44,-8.101841264340829,8.101841264340829
categorical__DeviceInfo_HTC One M9 Build/NRD90M,-8.048255509095736,8.048255509095736
categorical__id_38_T,8.001363067263718,8.001363067263718
categorical__M2_T,-7.9990082675051,7.9990082675051
numeric__V165,7.97307605469651,7.97307605469651
categorical__DeviceInfo_BLADE A602 Build/MRA58K,-7.9668772027583215,7.9668772027583215
categorical__DeviceInfo_SM-A510M Build/NRD90M,7.956575749643299,7.956575749643299
categorical__DeviceInfo_7055A Build/KVT49L,7.954825890144898,7.954825890144898
numeric__V217,7.9451442459525214,7.9451442459525214
numeric__V27,-7.845194433194138,7.845194433194138
numeric__V28,7.826606283076117,7.826606283076117
categorical__id_31_mobile safari 11.0,7.781615230406604,7.781615230406604
categorical__id_30_iOS 11.0.2,-7.7625626612924545,7.7625626612924545
numeric__V190,-7.745640944942471,7.745640944942471
numeric__V335,7.727514463334821,7.727514463334821
numeric__V5,7.722471503541934,7.722471503541934
categorical__DeviceInfo_SLA-L03 Build/HUAWEISLA-L03,7.7196284101249955,7.7196284101249955
categorical__DeviceInfo_5025G Build/LMY47I,-7.718499178403115,7.718499178403115
numeric__V228,-7.695045570168302,7.695045570168302
categorical__DeviceInfo_SAMSUNG-SM-J327A Build/NRD90M,7.632946689206252,7.632946689206252
numeric__V272,-7.620902613058519,7.620902613058519
numeric__V120,7.5579885727391165,7.5579885727391165
numeric__D10,-7.557837313151489,7.557837313151489
numeric__V239,7.552328834910128,7.552328834910128
categorical__P_emaildomain_gmail.com,7.476757059493428,7.476757059493428
numeric__V35,7.459990667449831,7.459990667449831
categorical__id_30_iOS 11.0.3,7.4461528783502935,7.4461528783502935
categorical__DeviceInfo_TRT-L53 Build/HUAWEITRT-L53,-7.436229436005125,7.436229436005125
numeric__V252,-7.432638465389024,7.432638465389024
numeric__V283,-7.377190728468644,7.377190728468644
categorical__DeviceInfo_Hisense L675 Build/MRA58K,-7.376494603452477,7.376494603452477
categorical__id_31_mobile safari 9.0,7.355520279575768,7.355520279575768
categorical__DeviceInfo_M4 SS4451 Build/LMY47D,7.334620754451127,7.334620754451127
categorical__P_emaildomain_live.com,-7.253639409869646,7.253639409869646
categorical__DeviceInfo_TA-1039 Build/NMF26F,-7.2470910120693,7.2470910120693
categorical__M4_M2,7.246605602551435,7.246605602551435
categorical__id_31_ie 11.0 for tablet,7.216122139107861,7.216122139107861
numeric__id_32,7.1149538165943405,7.1149538165943405
categorical__R_emaildomain_verizon.net,-7.113747536901417,7.113747536901417
numeric__V255,-7.048858137071079,7.048858137071079
numeric__V157,-7.040529159308699,7.040529159308699
numeric__V199,-7.0221985128075755,7.0221985128075755
categorical__id_30_Android 7.1.1,-7.010309825314896,7.010309825314896
numeric__V235,6.975714536726342,6.975714536726342
categorical__id_30_iOS 10.1.1,6.7063396027420925,6.7063396027420925
numeric__V286,-6.704286059639328,6.704286059639328
categorical__DeviceInfo_SM-G925V Build/NRD90M,-6.667549713385096,6.667549713385096
categorical__DeviceInfo_rv:51.0,6.663248593267486,6.663248593267486
numeric__V338,6.623318242675107,6.623318242675107
categorical__id_31_firefox 47.0,6.619055677414479,6.619055677414479
categorical__M9_T,-6.557474623424979,6.557474623424979
numeric__V122,-6.547089054652449,6.547089054652449
categorical__DeviceInfo_XT1635-01,-6.525423978185628,6.525423978185628
numeric__V66,6.451851020429889,6.451851020429889
categorical__DeviceInfo_LG-K200 Build/MXB48T,6.447720146907321,6.447720146907321
categorical__id_30_iOS 11.1.1,6.425184028812305,6.425184028812305
categorical__id_30_Windows Vista,6.39970639270392,6.39970639270392
categorical__card4_mastercard,-6.375892296235614,6.375892296235614
numeric__V333,6.364446598468105,6.364446598468105
numeric__V91,-6.3311211967803835,6.3311211967803835
numeric__D15,-6.297435797950628,6.297435797950628
categorical__R_emaildomain_suddenlink.net,6.273783861599393,6.273783861599393
categorical__DeviceInfo_SAMSUNG SM-J320F Build/LMY47V,6.249114833308188,6.249114833308188
categorical__DeviceInfo_SM-N920T Build/NRD90M,-6.240838789105099,6.240838789105099
numeric__V171,-6.145525486143562,6.145525486143562
numeric__C10,-6.142624366945714,6.142624366945714
numeric__V195,-6.085760168044498,6.085760168044498
categorical__DeviceInfo_LGMP260 Build/NRD90U,-6.06620646364557,6.06620646364557
numeric__V19,6.036063554406768,6.036063554406768
numeric__V46,5.951660126023304,5.951660126023304
numeric__V206,-5.914737043096068,5.914737043096068
numeric__V124,-5.87023147150615,5.87023147150615
categorical__id_37_T,5.823906253986668,5.823906253986668
categorical__DeviceInfo_SM-G920V Build/MMB29K,5.785066112022135,5.785066112022135
numeric__V297,-5.72481967258822,5.72481967258822
categorical__DeviceInfo_LG-H650 Build/MRA58K,5.666784231061941,5.666784231061941
categorical__R_emaildomain_yahoo.com,-5.625038339060535,5.625038339060535
categorical__DeviceInfo_Windows NT 6.1,-5.585187321531848,5.585187321531848
categorical__id_30_func,-5.574181554448104,5.574181554448104
numeric__V141,5.532352379107133,5.532352379107133
numeric__V173,5.501827420632177,5.501827420632177
categorical__DeviceInfo_SAMSUNG-SM-N920A Build/NRD90M,-5.386594213641703,5.386594213641703
numeric__V160,-5.385000164894459,5.385000164894459
categorical__P_emaildomain_embarqmail.com,-5.376179069364196,5.376179069364196
categorical__DeviceInfo_BLL-L23 Build/HUAWEIBLL-L23,-5.337023187221263,5.337023187221263
numeric__V36,-5.336336427405517,5.336336427405517
categorical__id_35_T,5.330017461496111,5.330017461496111
numeric__C2,-5.317046264468077,5.317046264468077
categorical__P_emaildomain_ymail.com,5.311624674113086,5.311624674113086
categorical__id_16_NotFound,-5.303689076001266,5.303689076001266
numeric__TransactionDT,-5.275543428620354,5.275543428620354
numeric__V40,-5.260634605371117,5.260634605371117
numeric__C5,5.254582048252258,5.254582048252258
categorical__DeviceInfo_VS820,5.232839630040463,5.232839630040463
numeric__V93,5.212427082808918,5.212427082808918
numeric__V191,5.212389938068551,5.212389938068551
categorical__DeviceInfo_SM-G900T Build/MMB29M,5.177672382418217,5.177672382418217
categorical__DeviceInfo_XT1650 Build/NCLS26.118-23-13-3,5.176983938213414,5.176983938213414
categorical__DeviceInfo_MotoG3 Build/MPIS24.65-33.1-2-16,5.135644180882201,5.135644180882201
categorical__DeviceInfo_XT1064 Build/MPB24.65-34-3,5.124253369144696,5.124253369144696
categorical__DeviceInfo_Hisense F20 Build/MMB29M,-5.005574939797353,5.005574939797353
numeric__D4,-4.992278083223132,4.992278083223132
categorical__R_emaildomain_gmail,4.950554365314178,4.950554365314178
categorical__id_30_iOS 10.3.2,4.934910271466614,4.934910271466614
numeric__V334,-4.911637155904206,4.911637155904206
numeric__V300,-4.847547162973834,4.847547162973834
categorical__R_emaildomain_rocketmail.com,4.806873342776173,4.806873342776173
numeric__V151,-4.748530605132597,4.748530605132597
numeric__V118,-4.737068826198257,4.737068826198257
categorical__DeviceInfo_SM-N910V Build/MMB29M,-4.73023849470772,4.73023849470772
numeric__V257,4.717157638840444,4.717157638840444
numeric__V262,4.7159807744436675,4.7159807744436675
numeric__V86,4.666167161106024,4.666167161106024
categorical__R_emaildomain_prodigy.net.mx,4.615821734808966,4.615821734808966
categorical__P_emaildomain_prodigy.net.mx,4.615821734023904,4.615821734023904
numeric__V64,4.6031353502346555,4.6031353502346555
numeric__V259,-4.476538934443118,4.476538934443118
categorical__R_emaildomain_roadrunner.com,4.472798844446398,4.472798844446398
numeric__V145,-4.456109730905931,4.456109730905931
numeric__V53,-4.443798094391954,4.443798094391954
numeric__V143,4.436592461353926,4.436592461353926
categorical__DeviceInfo_SM-G925I Build/NRD90M,4.415698225590481,4.415698225590481
numeric__V188,-4.409973735078612,4.409973735078612
numeric__V271,4.363385596853938,4.363385596853938
numeric__V49,-4.326405746808518,4.326405746808518
numeric__V180,-4.2982721911845365,4.2982721911845365
numeric__V114,-4.287884927139314,4.287884927139314
categorical__DeviceInfo_HTC Desire 650 Build/MMB29M,-4.258175656230214,4.258175656230214
numeric__V4,-4.237615047121419,4.237615047121419
categorical__DeviceInfo_SAMSUNG SM-G531H Build/LMY48B,4.200047730396815,4.200047730396815
categorical__id_31_Samsung/SM-G531H,4.2000477296991,4.2000477296991
numeric__C13,4.155752894015399,4.155752894015399
categorical__id_29_NotFound,4.117482642023987,4.117482642023987
numeric__V220,-4.094555085736816,4.094555085736816
numeric__V244,-4.093176723313054,4.093176723313054
categorical__id_31_chrome 60.0 for android,4.0684261654444756,4.0684261654444756
numeric__V59,-4.0336187680813795,4.0336187680813795
numeric__C6,4.014044117738534,4.014044117738534
categorical__ProductCD_H,-3.990091374411854,3.990091374411854
numeric__V163,-3.9441379002353774,3.9441379002353774
categorical__DeviceInfo_LG-D373 Build/KOT49I.V10a,-3.9156918142406325,3.9156918142406325
categorical__M8_T,-3.882025233880276,3.882025233880276
numeric__V302,-3.8572629397718123,3.8572629397718123
numeric__V110,-3.854022666523127,3.854022666523127
numeric__V62,3.841795346898799,3.841795346898799
numeric__V198,3.8393263916380853,3.8393263916380853
numeric__V45,3.746460768796805,3.746460768796805
numeric__V34,3.725598934295229,3.725598934295229
numeric__V12,-3.701672956479177,3.701672956479177
categorical__M4_M1,-3.6943611844330997,3.6943611844330997
numeric__V42,-3.6602827878165125,3.6602827878165125
numeric__V70,-3.589672762559798,3.589672762559798
categorical__id_33_3360x2100,3.58208072513136,3.58208072513136
categorical__DeviceInfo_SM-G935F Build/NRD90M,-3.5804342296201286,3.5804342296201286
numeric__dist1,3.561351647348939,3.561351647348939
numeric__V336,3.51917066995994,3.51917066995994
numeric__D11,-3.516631429036123,3.516631429036123
categorical__DeviceInfo_SAMSUNG SM-A520F Build/NRD90M,3.509061600238662,3.509061600238662
numeric__V85,3.4699573949144904,3.4699573949144904
numeric__V183,3.4682933644423533,3.4682933644423533
numeric__V76,-3.45240330681888,3.45240330681888
categorical__ProductCD_S,-3.4497640542443184,3.4497640542443184
numeric__V67,-3.4116834569139485,3.4116834569139485
categorical__id_30_iOS 10.3.3,-3.3973817760979834,3.3973817760979834
numeric__V84,-3.3522804827117803,3.3522804827117803
numeric__V20,-3.279200716772322,3.279200716772322
categorical__DeviceInfo_LG-M322,3.2461930739384726,3.2461930739384726
numeric__V69,3.240795158392441,3.240795158392441
categorical__DeviceInfo_rv:55.0,-3.225445774881373,3.225445774881373
categorical__id_31_firefox 55.0,-3.2254457748142857,3.2254457748142857
numeric__V55,3.2058989359339694,3.2058989359339694
categorical__id_23_IP_PROXY:TRANSPARENT,-3.194252701016321,3.194252701016321
categorical__DeviceInfo_HTC Desire 626s Build/LMY47O,3.1878879068342303,3.1878879068342303
categorical__R_emaildomain_gmail.com,3.1835839971575677,3.1835839971575677
categorical__P_emaildomain_outlook.com,3.1744163241363337,3.1744163241363337
categorical__DeviceInfo_HUAWEI Y625-U13 Build/HUAWEIY625-U13,-3.1701670774272475,3.1701670774272475
numeric__V6,3.165755698040509,3.165755698040509
categorical__M7_T,3.1639446326641605,3.1639446326641605
numeric__V60,3.1163592111627674,3.1163592111627674
numeric__V112,3.1000528064222292,3.1000528064222292
categorical__DeviceInfo_LG-M250 Build/NRD90U,3.0852143534276424,3.0852143534276424
numeric__V79,-3.0081945792407194,3.0081945792407194
numeric__V293,2.989406413260594,2.989406413260594
numeric__V256,2.97864825130139,2.97864825130139
numeric__V2,-2.975955984207758,2.975955984207758
numeric__V47,-2.955160418371871,2.955160418371871
numeric__V75,2.9312574101235587,2.9312574101235587
categorical__id_31_ie 11.0 for desktop,-2.9255598625299237,2.9255598625299237
categorical__DeviceInfo_Y635-L03 Build/HuaweiY635-L03,2.8861103884941635,2.8861103884941635
numeric__V147,2.8835722034947757,2.8835722034947757
categorical__DeviceInfo_Lenovo,2.8826741993898035,2.8826741993898035
categorical__DeviceInfo_HTC One A9 Build/NRD90M,-2.856612118696574,2.856612118696574
numeric__V301,-2.846774951368266,2.846774951368266
numeric__V23,2.836909428264799,2.836909428264799
numeric__V94,2.820131958724024,2.820131958724024
numeric__V201,-2.7763694424015775,2.7763694424015775
numeric__V325,2.7600562789434586,2.7600562789434586
numeric__V304,2.7449332917854536,2.7449332917854536
numeric__V54,2.7195537816208812,2.7195537816208812
categorical__id_31_opera,2.7126341627581736,2.7126341627581736
numeric__V87,-2.6795513390565526,2.6795513390565526
numeric__V56,-2.6550225858181404,2.6550225858181404
categorical__DeviceInfo_Blade V6 Build/LRX22G,2.6287963813096265,2.6287963813096265
numeric__V251,-2.6247583211767154,2.6247583211767154
numeric__D12,2.606348697890084,2.606348697890084
numeric__V196,2.595048356683497,2.595048356683497
categorical__DeviceInfo_5010S Build/MRA58K,-2.5727529682105392,2.5727529682105392
categorical__DeviceInfo_SM-J500M Build/LMY48B,2.5642977279486354,2.5642977279486354
numeric__D3,2.5263597787127114,2.5263597787127114
numeric__V25,-2.506185247236928,2.506185247236928
numeric__V92,-2.4972387173464856,2.4972387173464856
numeric__V292,2.4503678679198524,2.4503678679198524
categorical__card4_visa,-2.4372576449934944,2.4372576449934944
categorical__DeviceInfo_SM-J710MN Build/MMB29K,2.436610189869312,2.436610189869312
numeric__V312,-2.4348788843389535,2.4348788843389535
numeric__V164,-2.4144688255172726,2.4144688255172726
numeric__V260,-2.385269549277149,2.385269549277149
numeric__V231,-2.3521738694508176,2.3521738694508176
categorical__DeviceInfo_SM-A510M Build/MMB29K,-2.3444389796252394,2.3444389796252394
numeric__V281,-2.3068758704609804,2.3068758704609804
numeric__V185,-2.291099930563883,2.291099930563883
numeric__V33,-2.276759223147698,2.276759223147698
numeric__V176,2.2677228676752597,2.2677228676752597
numeric__V159,2.250342874517907,2.250342874517907
numeric__V146,2.238219573807731,2.238219573807731
numeric__V175,-2.213573788226199,2.213573788226199
categorical__id_31_chrome 61.0,2.1778923397524785,2.1778923397524785
numeric__id_14,-2.164499335365042,2.164499335365042
numeric__V26,2.148683337666216,2.148683337666216
categorical__DeviceInfo_Moto X Play Build/NPD26.48-24-1,-2.1470669262411484,2.1470669262411484
categorical__DeviceInfo_Moto C Build/NRD90M.063,-2.143349277083865,2.143349277083865
categorical__DeviceInfo_M4 SS4450 Build/MRA58K,2.129187320136832,2.129187320136832
numeric__V329,-2.115528336446082,2.115528336446082
numeric__V308,-1.9965820452140268,1.9965820452140268
numeric__V150,1.990397148564531,1.990397148564531
numeric__id_11,-1.959536157090754,1.959536157090754
numeric__V82,1.930363617079375,1.930363617079375
numeric__V38,1.9244849282904157,1.9244849282904157
numeric__V161,-1.9194819129948133,1.9194819129948133
categorical__id_31_mobile safari generic,-1.846179325957778,1.846179325957778
categorical__DeviceInfo_Lenovo PB1-750M Build/S100,1.8268689689433204,1.8268689689433204
numeric__V83,-1.7805887270218381,1.7805887270218381
numeric__V140,1.7553323671211247,1.7553323671211247
numeric__card1,-1.707586532511061,1.707586532511061
numeric__V123,1.6969129232657991,1.6969129232657991
numeric__V115,1.6500325490994916,1.6500325490994916
numeric__addr2,-1.6183317393276067,1.6183317393276067
numeric__D6,1.5866436542626736,1.5866436542626736
numeric__V7,-1.5475275207508559,1.5475275207508559
numeric__V144,1.5235581057871759,1.5235581057871759
categorical__DeviceInfo_SM-G900V,-1.5156369487030672,1.5156369487030672
numeric__V80,-1.5039677657152202,1.5039677657152202
numeric__id_13,-1.4959851775778854,1.4959851775778854
categorical__id_31_chrome 57.0,1.4795324965440921,1.4795324965440921
numeric__V182,1.462261389881255,1.462261389881255
numeric__D9,-1.447596067194107,1.447596067194107
numeric__id_04,1.4455932118975263,1.4455932118975263
numeric__V162,1.4422440034042774,1.4422440034042774
numeric__V113,-1.3981642558548737,1.3981642558548737
numeric__V51,-1.3468894982637853,1.3468894982637853
numeric__V169,-1.3313066325712706,1.3313066325712706
numeric__V172,1.3090387592201838,1.3090387592201838
numeric__V138,1.3070498399434893,1.3070498399434893
numeric__id_18,1.3054345206740123,1.3054345206740123
categorical__DeviceInfo_Moto,1.2999673056143535,1.2999673056143535
categorical__R_emaildomain_icloud.com,1.294097394021936,1.294097394021936
categorical__DeviceInfo_Pixel XL Build/OPM1.171019.011,1.2887583757836811,1.2887583757836811
numeric__V111,1.2785109998009434,1.2785109998009434
numeric__id_01,1.210004265907837,1.210004265907837
numeric__V78,-1.209850094060061,1.209850094060061
numeric__V50,1.1948841513114505,1.1948841513114505
categorical__id_31_firefox generic,-1.1899854131193162,1.1899854131193162
numeric__V3,1.17048776352416,1.17048776352416
numeric__V63,-1.1691555406395375,1.1691555406395375
categorical__id_31_chrome 51.0,-1.1391998929239158,1.1391998929239158
numeric__V109,1.1374396066048469,1.1374396066048469
numeric__V61,-1.0748213481051385,1.0748213481051385
numeric__D14,1.0734298833543572,1.0734298833543572
numeric__V1,1.0706043630994047,1.0706043630994047
categorical__DeviceInfo_PRA-LX3 Build/HUAWEIPRA-LX3,1.020579277467094,1.020579277467094
categorical__R_emaildomain_frontiernet.net,1.0038024507350627,1.0038024507350627
numeric__V8,-1.003144039815354,1.003144039815354
numeric__V24,0.9802589166617399,0.9802589166617399
numeric__V303,0.9797778352543474,0.9797778352543474
numeric__V116,-0.9707949027326563,0.9707949027326563
categorical__DeviceInfo_FRD-L04 Build/HUAWEIFRD-L04,-0.9549181132899545,0.9549181132899545
categorical__id_30_iOS 11.1.2,0.9545534579405257,0.9545534579405257
numeric__V29,0.9525035539235791,0.9525035539235791
categorical__DeviceInfo_SM-T810 Build/NRD90M,-0.9508682698071586,0.9508682698071586
numeric__id_25,0.934000565112054,0.934000565112054
categorical__DeviceInfo_CAM-L03 Build/HUAWEICAM-L03,0.9255921920969467,0.9255921920969467
numeric__V250,-0.9168041476737923,0.9168041476737923
numeric__C3,0.8980792543748244,0.8980792543748244
numeric__V41,-0.8929804350275663,0.8929804350275663
categorical__P_emaildomain_optonline.net,-0.8780011659001248,0.8780011659001248
categorical__DeviceInfo_SM-G935P Build/NRD90M,0.8774654738015246,0.8774654738015246
categorical__DeviceType_mobile,-0.8676434173475864,0.8676434173475864
numeric__V77,0.8431160077291053,0.8431160077291053
numeric__id_09,-0.8423994229634094,0.8423994229634094
numeric__V68,-0.8365577519270175,0.8365577519270175
categorical__DeviceInfo_SM-G950F Build/NRD90M,-0.8319404594769871,0.8319404594769871
numeric__D8,-0.8315805984562279,0.8315805984562279
numeric__V142,-0.8126115172866268,0.8126115172866268
numeric__V37,-0.8089815271737644,0.8089815271737644
numeric__D5,-0.7514252825540488,0.7514252825540488
numeric__V166,-0.6857044679556488,0.6857044679556488
numeric__V210,-0.65019508665765,0.65019508665765
numeric__V43,0.6500471972273711,0.6500471972273711
numeric__id_22,-0.6473212865027076,0.6473212865027076
numeric__id_06,0.6441704719203074,0.6441704719203074
numeric__V30,0.6404167708251407,0.6404167708251407
numeric__V52,-0.6398720332108593,0.6398720332108593
numeric__V184,0.636805057052988,0.636805057052988
numeric__id_20,0.6127063795673346,0.6127063795673346
numeric__card5,0.5927943882490023,0.5927943882490023
numeric__V125,0.592247867381452,0.592247867381452
numeric__V296,0.5901925630617759,0.5901925630617759
numeric__dist2,0.5712663616155527,0.5712663616155527
numeric__V81,-0.5543467734146903,0.5543467734146903
numeric__card3,0.5256678146742555,0.5256678146742555
numeric__V13,0.5106756165507385,0.5106756165507385
numeric__V174,0.5017091606157082,0.5017091606157082
numeric__V240,-0.5001744104900843,0.5001744104900843
categorical__R_emaildomain_msn.com,-0.49492672061220533,0.49492672061220533
categorical__DeviceInfo_VS995 Build/NRD90M,-0.484712008212832,0.484712008212832
numeric__id_07,-0.47810019358526246,0.47810019358526246
numeric__D7,0.47079086369208234,0.47079086369208234
numeric__V234,0.4438636368156059,0.4438636368156059
numeric__V170,0.43594712110188083,0.43594712110188083
numeric__id_19,0.42663217726214686,0.42663217726214686
numeric__D13,0.42295450294810166,0.42295450294810166
numeric__V9,-0.4216771891287685,0.4216771891287685
numeric__V247,0.41629250959351527,0.41629250959351527
categorical__P_emaildomain_suddenlink.net,0.4037767838467156,0.4037767838467156
numeric__V65,-0.40109230357356296,0.40109230357356296
categorical__DeviceInfo_SM-J320V Build/MMB29M,0.40015073970746895,0.40015073970746895
numeric__id_08,0.3947978711547151,0.3947978711547151
numeric__V186,0.38944590135172685,0.38944590135172685
categorical__DeviceInfo_P4526A Build/NRD90M,-0.3887046999587609,0.3887046999587609
categorical__DeviceInfo_ALE-L23 Build/HuaweiALE-L23,0.369335355480453,0.369335355480453
numeric__V89,0.3691038585501021,0.3691038585501021
numeric__id_17,-0.3226708069925972,0.3226708069925972
numeric__V108,-0.30538899247630313,0.30538899247630313
numeric__id_21,0.23107395363259142,0.23107395363259142
categorical__DeviceInfo_LG-H871,0.19648242276167602,0.19648242276167602
numeric__V88,0.17204726301956197,0.17204726301956197
numeric__id_05,0.16729126063635613,0.16729126063635613
numeric__id_10,0.1664852423211327,0.1664852423211327
numeric__card2,0.14821061687742088,0.14821061687742088
numeric__V121,0.10880926627215981,0.10880926627215981
numeric__V14,-0.08128505533967689,0.08128505533967689
numeric__addr1,-0.07351765209281158,0.07351765209281158
numeric__id_03,0.06218308231746761,0.06218308231746761
numeric__id_24,0.06088638072658692,0.06088638072658692
numeric__V189,-0.05945825132579685,0.05945825132579685
numeric__id_02,0.05117060042928556,0.05117060042928556
numeric__V305,-0.042512031378558524,0.042512031378558524
numeric__id_26,-0.021066500539355992,0.021066500539355992
numeric__V107,4.856808288877801e-09,4.856808288877801e-09
numeric__V241,-4.532871855644771e-10,4.532871855644771e-10
